timestamp,temperature,relative_humidity,pressure,energy,pm25,latitude,longitude,domain,entity_id,mask_temperature,mask_relative_humidity,mask_pressure,mask_energy,mask_pm25,temperature_scaled,relative_humidity_scaled,pressure_scaled,pm25_scaled,energy_scaled
2025-01-01 00:00:00+00:00,15.027669251691066,57.96802441812847,1013.068268022958,,17.601296591583985,54.8,23.8,target,opensensemap_0,1,1,1,0,1,-0.0371827484408904,-0.18527090075395478,-0.27854827096800144,0.0,0.0
2025-01-01 01:00:00+00:00,17.094070972055114,56.8499878338805,1013.2761937917586,,17.139988035152562,54.8,23.8,target,opensensemap_0,1,1,1,0,1,0.3776853120388437,-0.31416828958797466,-0.17956733433609798,-25112.502411404505,0.0
2025-01-01 02:00:00+00:00,18.81515531515622,55.265052968645605,1014.3409334671918,,15.134078377647356,54.8,23.8,target,opensensemap_0,1,1,1,0,1,0.7232245730198108,-0.49689394318381935,0.327291103420147,-10.332807918737883,0.0
2025-01-01 03:00:00+00:00,19.655028681353222,51.74571444776428,1012.8952554881322,,19.970715521404465,54.8,23.8,target,opensensemap_0,1,1,1,0,1,0.8918445615965483,-0.9026351793435579,-0.3609091194809388,2.833217470542925,0.0
2025-01-01 04:00:00+00:00,21.04506256352984,47.69048659419472,1013.4657169125536,,16.000998290657623,54.8,23.8,target,opensensemap_0,1,1,1,0,1,1.1709193683084453,-1.3701585938870036,-0.08934679015870642,-0.8384405951309093,0.0
2025-01-01 05:00:00+00:00,21.670708206735355,47.066556727809775,1013.8391701639182,,16.932533701118874,54.8,23.8,target,opensensemap_0,1,1,1,0,1,1.2965292107637352,-1.4420908827992422,0.08843181237588456,-0.10252070643870889,0.0
2025-01-01 06:00:00+00:00,22.918029885097464,48.60292704147464,1013.569294965572,,21.5990643644438,54.8,23.8,target,opensensemap_0,1,1,1,0,1,1.546951924022631,-1.2649641907896874,-0.04003951688800999,2.7521932808844345,0.0
2025-01-01 07:00:00+00:00,22.50537929389368,48.53127684880989,1013.7920271819256,,20.7619779270203,54.8,23.8,target,opensensemap_0,1,1,1,0,1,1.4641047463700834,-1.2732246742783861,0.06598987773659594,1.4182429818074864,0.0
2025-01-01 08:00:00+00:00,20.929399519228745,48.23337044932513,1013.7104970716434,,21.52503965765333,54.8,23.8,target,opensensemap_0,1,1,1,0,1,1.1476978899359231,-1.3075700235733365,0.027178302211422836,1.489231779232125,0.0
2025-01-01 09:00:00+00:00,19.96150056313864,51.527045391185744,1013.5729455672,,19.796530861635805,54.8,23.8,target,opensensemap_0,1,1,1,0,1,0.9533744151264274,-0.9278453297168843,-0.038301685302753505,0.5900285388210645,0.0
2025-01-01 10:00:00+00:00,18.955646525865813,53.23707376877183,1012.8909220065192,,22.35373082149322,54.8,23.8,target,opensensemap_0,1,1,1,0,1,0.7514307613553832,-0.730697762447266,-0.3629720291020331,1.555067387019696,0.0
2025-01-01 11:00:00+00:00,16.40373716902805,58.74304540197576,1014.2768116301926,,23.605161748386017,54.8,23.8,target,opensensemap_0,1,1,1,0,1,0.23908813457667039,-0.09591945866614195,0.2967665584281873,1.7719464602922144,0.0
2025-01-01 12:00:00+00:00,14.93209362794464,57.40507800165987,1013.4131708994094,,21.14942768743122,54.8,23.8,target,opensensemap_0,1,1,1,0,1,-0.05637130856550874,-0.2501724649412122,-0.11436078254306863,0.7059410236221049,0.0
2025-01-01 13:00:00+00:00,13.752992998365643,64.01475558891902,1013.9848819298423,,18.59259350312943,54.8,23.8,target,opensensemap_0,1,1,1,0,1,-0.29309739453571015,0.5118510627642878,0.1577964089463732,-0.29295997147171404,0.0
2025-01-01 14:00:00+00:00,11.86856853593556,66.69043379210359,1014.0874262584276,,24.106470907968195,54.8,23.8,target,opensensemap_0,1,1,1,0,1,-0.6714301814979677,0.8203274924354832,0.20661158826835355,1.7234512602041325,0.0
2025-01-01 15:00:00+00:00,11.057683106318276,66.6875620891484,1014.875143176203,,23.055780064211245,54.8,23.8,target,opensensemap_0,1,1,1,0,1,-0.8342303099247538,0.8199964164960676,0.5815961742192219,1.1943279868324383,0.0
2025-01-01 16:00:00+00:00,9.181486952839435,67.1367036373794,1015.5039584305246,,20.040011866753183,54.8,23.8,target,opensensemap_0,1,1,1,0,1,-1.2109111128889394,0.8717775241981786,0.8809372477197063,0.09451348967444663,0.0
2025-01-01 17:00:00+00:00,8.538082311172614,71.52175019692842,1014.7762948870004,,26.72196653447508,54.8,23.8,target,opensensemap_0,1,1,1,0,1,-1.3400864001341253,1.3773254279115947,0.5345404566611138,2.2422121326342404,0.0
2025-01-01 18:00:00+00:00,7.171622784471392,71.92992741455316,1014.6069530127868,,20.41690415759817,54.8,23.8,target,opensensemap_0,1,1,1,0,1,-1.614428222433188,1.4243837963716515,0.45392698860780273,0.09601687673917002,0.0
2025-01-01 19:00:00+00:00,7.777705059371355,70.01066242763063,1014.7843643754464,,20.14246511152276,54.8,23.8,target,opensensemap_0,1,1,1,0,1,-1.4927460851212841,1.20311353672154,0.5383818541422284,-0.0005394573045594438,0.0
2025-01-01 20:00:00+00:00,8.73437916703198,68.13297318600702,1014.6468940451404,,24.135227061299496,54.8,23.8,target,opensensemap_0,1,1,1,0,1,-1.3006762045917515,0.9866365057397576,0.472940508746295,1.292675898011978,0.0
2025-01-01 21:00:00+00:00,10.18334020519096,67.4808163908421,1015.06337901811,,20.72828869477646,54.8,23.8,target,opensensemap_0,1,1,1,0,1,-1.0097706900987542,0.9114499606915344,0.6712039224417324,0.14027902912273763,0.0
2025-01-01 22:00:00+00:00,11.925498418118728,66.17003930032104,1015.1566446700866,,25.161579215732704,54.8,23.8,target,opensensemap_0,1,1,1,0,1,-0.6600004630787876,0.7603316997222275,0.7156020826191869,1.5375070176925507,0.0
2025-01-01 23:00:00+00:00,13.263161119836306,63.37857478207197,1015.5667805926066,,20.457191926282803,54.8,23.8,target,opensensemap_0,1,1,1,0,1,-0.3914401317701765,0.4385063744202468,0.910843095753805,-0.02390930211917218,0.0
2025-01-02 00:00:00+00:00,15.452324374895603,61.94979569950539,1015.085769467202,,22.115370522295752,54.8,23.8,target,opensensemap_0,1,1,1,0,1,0.048074559274480295,0.2737837744998024,0.6818626668365071,0.5350244290792535,0.0
2025-01-02 01:00:00+00:00,16.627783552312486,56.75112952245844,1015.7305137752044,,21.150371536316023,54.8,23.8,target,opensensemap_0,1,1,1,0,1,0.2840695569084023,-0.32556557156100996,0.9887866035005127,0.19658585667898967,0.0
2025-01-02 02:00:00+00:00,17.800528414225013,53.82572675402714,1014.9780962590868,,23.528484704341963,54.8,23.8,target,opensensemap_0,1,1,1,0,1,0.5195196059015421,-0.6628325120629984,0.6306059368463555,0.9838126294107592,0.0
2025-01-02 03:00:00+00:00,19.845857921786006,49.98958462396261,1015.8069525098188,,17.870772851005434,54.8,23.8,target,opensensemap_0,1,1,1,0,1,0.9301570330201698,-1.105097739094087,1.0251744816876838,-1.088356359869153,0.0
2025-01-02 04:00:00+00:00,20.530419187297,48.6453086847733,1015.2303202867035,,22.583662720866936,54.8,23.8,target,opensensemap_0,1,1,1,0,1,1.0675952676593008,-1.2600780508970775,0.7506746067307627,0.6805803076577557,0.0
2025-01-02 05:00:00+00:00,21.478675210192748,48.15202432845486,1015.8550026807244,,21.545528574977336,54.8,23.8,target,opensensemap_0,1,1,1,0,1,1.2579750632140965,-1.3169483415279384,1.048048274334928,0.3112829792977828,0.0
2025-01-02 06:00:00+00:00,21.055310198057374,47.82036566403362,1016.2490745476696,,22.38858584294535,54.8,23.8,target,opensensemap_0,1,1,1,0,1,1.1729767689673039,-1.3551849577803756,1.2356421580344867,0.5971992078396473,0.0
2025-01-02 07:00:00+00:00,21.609362484811,48.98128779619865,1016.4110944756196,,19.18756776713279,54.8,23.8,target,opensensemap_0,1,1,1,0,1,1.284212931493022,-1.221343334363064,1.3127700884205928,-0.5976436300143848,0.0
2025-01-02 08:00:00+00:00,21.013031942529803,47.313163320259726,1016.0422502143896,,22.390677223108835,54.8,23.8,target,opensensemap_0,1,1,1,0,1,1.1644886334327962,-1.4136598401268463,1.1371855485222842,0.6097951098688261,0.0
2025-01-02 09:00:00+00:00,19.931625331071974,49.37863761840048,1015.5872103710708,,16.31852239589227,54.8,23.8,target,opensensemap_0,1,1,1,0,1,0.94737641412704,-1.1755332461628387,0.9205684829399693,-1.8652212329599018,0.0
2025-01-02 10:00:00+00:00,18.707105830432624,54.50931843360195,1015.6559547983968,,21.7980899605586,54.8,23.8,target,opensensemap_0,1,1,1,0,1,0.7015316564289289,-0.5840218686839871,0.9532935648006903,0.4270875674179545,0.0
2025-01-02 11:00:00+00:00,17.10634574322878,54.59111546591765,1014.9494961987716,,19.642991836556345,54.8,23.8,target,opensensemap_0,1,1,1,0,1,0.38014969757407924,-0.5745915655718952,0.6169911705090497,-0.37606056527640164,0.0
2025-01-02 12:00:00+00:00,15.33750773310032,57.999606820019096,1015.528311469244,,13.888007660478957,54.8,23.8,target,opensensemap_0,1,1,1,0,1,0.025023011735111463,-0.18162979527121578,0.8925302628432876,-3.0215353013800343,0.0
2025-01-02 13:00:00+00:00,14.127655786159458,61.05732323612584,1015.9172690869144,,16.068009532715916,54.8,23.8,target,opensensemap_0,1,1,1,0,1,-0.21787696543223153,0.17089146153200555,1.0776895604580625,-1.6626712884382466,0.0
2025-01-02 14:00:00+00:00,11.396567378816725,66.39284284381247,1015.127324712762,,10.750526418017188,54.8,23.8,target,opensensemap_0,1,1,1,0,1,-0.7661930742444872,0.7860185112126854,0.7016446166699467,-4.274621338116833,0.0
2025-01-02 15:00:00+00:00,10.30902967510172,66.35362264618358,1015.734797839544,,17.997063282677946,54.8,23.8,target,opensensemap_0,1,1,1,0,1,-0.9845362228164602,0.7814968514252117,0.9908259885337786,-0.5874298318573943,0.0
2025-01-02 16:00:00+00:00,7.307514625620659,71.27836371581475,1015.9581629638644,,19.09664619321935,54.8,23.8,target,opensensemap_0,1,1,1,0,1,-1.5871454419278157,1.3492656288539864,1.0971566725258497,-0.23567190521958079,0.0
2025-01-02 17:00:00+00:00,8.196635573953428,71.30867673698839,1016.1593813116274,,19.39888294381398,54.8,23.8,target,opensensemap_0,1,1,1,0,1,-1.4086380976241473,1.3527603886248223,1.1929446099421306,-0.14086170419600316,0.0
2025-01-02 18:00:00+00:00,8.300381157435021,72.49165508454948,1016.1165348737362,,12.658044751691715,54.8,23.8,target,opensensemap_0,1,1,1,0,1,-1.3878092681771972,1.4891448524215707,1.1725480011991503,-2.634414000929993,0.0
2025-01-02 19:00:00+00:00,7.694901006058753,73.53050330319535,1016.0681819870316,,12.39498651270145,54.8,23.8,target,opensensemap_0,1,1,1,0,1,-1.5093705181437302,1.6089126888814067,1.1495301037904433,-2.529508642248006,0.0
2025-01-02 20:00:00+00:00,8.85941529823735,69.20273525396894,1015.8399427733666,,16.90747256603455,54.8,23.8,target,opensensemap_0,1,1,1,0,1,-1.2755729070422688,1.1099683708832593,1.0408791593932685,-0.7338179196252855,0.0
2025-01-02 21:00:00+00:00,9.657701293108875,67.79162455257733,1015.9839970830752,,14.158676964093251,54.8,23.8,target,opensensemap_0,1,1,1,0,1,-1.1153023463198657,0.9472827420516552,1.1094547408763755,-1.646072672536535,0.0
2025-01-02 22:00:00+00:00,10.999236259937542,66.1987963455448,1016.1570931685332,,13.53842639621889,54.8,23.8,target,opensensemap_0,1,1,1,0,1,-0.8459645867404256,0.7636470724856501,1.1918553628135928,-1.8099374406111242,0.0
2025-01-02 23:00:00+00:00,14.458276773342098,60.80161541057,1015.6966499712624,,13.038101547708203,54.8,23.8,target,opensensemap_0,1,1,1,0,1,-0.15149873589698332,0.14141114623378787,0.9726660858204468,-1.9178719579590509,0.0
2025-01-03 00:00:00+00:00,16.05926621722268,58.80330408117533,1015.7570611546148,,17.124672461941365,54.8,23.8,target,opensensemap_0,1,1,1,0,1,0.16992927051904436,-0.08897229207710315,1.0014242120774812,-0.5029947213834604,0.0
2025-01-03 01:00:00+00:00,16.508155764832743,56.63685438692766,1014.7610018777276,,17.02871977762004,54.8,23.8,target,opensensemap_0,1,1,1,0,1,0.26005208359616594,-0.3387402447211725,0.5272603759357973,-0.5243176894448018,0.0
2025-01-03 02:00:00+00:00,18.142913909045284,53.75455335374037,1016.085963058342,,10.825166217394024,54.8,23.8,target,opensensemap_0,1,1,1,0,1,0.5882597762046595,-0.6710380266057748,1.157994601013548,-2.739676023434856,0.0
2025-01-03 03:00:00+00:00,20.06207312303171,52.57824112908783,1014.9143815001336,,14.978505065077512,54.8,23.8,target,opensensemap_0,1,1,1,0,1,0.9735662018681501,-0.8066539593466844,0.600275177196678,-1.037207381197996,0.0
2025-01-03 04:00:00+00:00,21.0751027713284,47.92241776184948,1015.929217859912,,13.246900563253732,54.8,23.8,target,opensensemap_0,1,1,1,0,1,1.1769504912130475,-1.3434194671704722,1.0833776516923783,-1.5862974402225993,0.0
2025-01-03 05:00:00+00:00,21.42067700161199,49.25375476769064,1015.3901959221772,,14.227161322576851,54.8,23.8,target,opensensemap_0,1,1,1,0,1,1.2463308586685446,-1.1899308728536282,0.826781768604392,-1.2093087524042718,0.0
2025-01-03 06:00:00+00:00,22.426679526378106,48.77518876135853,1015.6000373860008,,12.94652354025129,54.8,23.8,target,opensensemap_0,1,1,1,0,1,1.4483043240283717,-1.2451042987236105,0.9266746522680519,-1.6107394540525666,0.0
2025-01-03 07:00:00+00:00,21.499398435168768,48.71608753826439,1015.486314242974,,12.58690294708633,54.8,23.8,target,opensensemap_0,1,1,1,0,1,1.2621356308655653,-1.251918023284203,0.8725379126111354,-1.6853571606384306,0.0
2025-01-03 08:00:00+00:00,21.09464232971285,49.71571040424092,1015.9829273373072,,11.47328168196211,54.8,23.8,target,opensensemap_0,1,1,1,0,1,1.1808734160778989,-1.1366724409316165,1.1089454993393995,-2.034458995309192,0.0
2025-01-03 09:00:00+00:00,18.60028797673027,51.94415146331643,1015.1999878348324,,11.795272404581349,54.8,23.8,target,opensensemap_0,1,1,1,0,1,0.6800860123639909,-0.879757561998064,0.7362351531033245,-1.8294894560469597,0.0
2025-01-03 10:00:00+00:00,18.394683186912584,53.48529021657907,1015.9575015475144,,13.750746074108486,54.8,23.8,target,opensensemap_0,1,1,1,0,1,0.6388070782940076,-0.7020811210611264,1.0968418120340298,-1.1199001521264669,0.0
2025-01-03 11:00:00+00:00,16.573161206412447,55.857353732562096,1015.0194277243576,,13.99683033450193,54.8,23.8,target,opensensemap_0,1,1,1,0,1,0.2731031187376045,-0.4286081438201218,0.6502813583608247,-1.02402730359577,0.0
2025-01-03 12:00:00+00:00,13.574465228699044,61.23468513370616,1015.2081226357484,,12.293670168880318,54.8,23.8,target,opensensemap_0,1,1,1,0,1,-0.32894011999100375,0.19133934829961727,0.7401076419180652,-1.5510138531669329,0.0
2025-01-03 13:00:00+00:00,13.748307102332262,63.48396780309259,1015.665151256589,,12.698077822507932,54.8,23.8,target,opensensemap_0,1,1,1,0,1,-0.2940381741429958,0.45065703693190706,0.9576714447085348,-1.3749649432624897,0.0
2025-01-03 14:00:00+00:00,12.124376136910469,65.63788522084978,1015.1411554264068,,15.75257083145986,54.8,23.8,target,opensensemap_0,1,1,1,0,1,-0.6200721119480949,0.698980155177418,0.708228586510511,-0.4507838853957148,0.0
2025-01-03 15:00:00+00:00,9.913615294326496,65.9557500701576,1015.257264014365,,13.076796881502478,54.8,23.8,target,opensensemap_0,1,1,1,0,1,-1.0639229149689964,0.735626495427059,0.7635008928407896,-1.2231893806573708,0.0
2025-01-03 16:00:00+00:00,8.90995640091167,73.84961951404354,1014.50017026852,,14.61242368584369,54.8,23.8,target,opensensemap_0,1,1,1,0,1,-1.2654258533332214,1.645703297428985,0.40309415482958394,-0.739227494314615,0.0
2025-01-03 17:00:00+00:00,7.627993135501663,70.2802819206075,1013.7526571906958,,17.283063817418444,54.8,23.8,target,opensensemap_0,1,1,1,0,1,-1.5228035008088623,1.234197715104527,0.04724819588736446,-0.02574751623470628,0.0
2025-01-03 18:00:00+00:00,8.253863270335042,73.27191300195317,1016.139585810468,,15.290782569495256,54.8,23.8,target,opensensemap_0,1,1,1,0,1,-1.3971485875402219,1.5791000556657062,1.1835211639827647,-0.544389550236302,0.0
2025-01-03 19:00:00+00:00,7.569069499763106,70.85698179434652,1014.9215262031986,,16.208027554781125,54.8,23.8,target,opensensemap_0,1,1,1,0,1,-1.5346335018364277,1.3006849024767273,0.6036763400511538,-0.2914816695371652,0.0
2025-01-03 20:00:00+00:00,9.314985752409113,68.35058956914322,1015.1967245267692,,18.0818121574067,54.8,23.8,target,opensensemap_0,1,1,1,0,1,-1.1841087793890972,1.0117252943795567,0.7346816886603316,0.1813086667931844,0.0
2025-01-03 21:00:00+00:00,9.79786513639086,68.04776542433602,1014.37181950318,,20.157470845259493,54.8,23.8,target,opensensemap_0,1,1,1,0,1,-1.0871618830020469,0.976812982840307,0.3419940851072582,0.6532710148628335,0.0
2025-01-03 22:00:00+00:00,11.30342640909658,66.24400270777228,1013.8501934534906,,19.026717315275544,54.8,23.8,target,opensensemap_0,1,1,1,0,1,-0.784892832901381,0.7688588715733569,0.09367933668679478,0.39379592398078983,0.0
2025-01-03 23:00:00+00:00,13.425407141804593,63.02329034792254,1014.3079992850244,,16.00403107345405,54.8,23.8,target,opensensemap_0,1,1,1,0,1,-0.35886626590895526,0.39754596534200776,0.3116131226823971,-0.3670762579938474,0.0
2025-01-01 00:00:00+00:00,14.473377592026266,60.409576480847335,1013.1602172195572,,19.70015829021331,54.82,23.82,target,opensensemap_1,1,1,1,0,1,-0.1484669694706308,0.09621334584470184,-0.23477679591494793,0.0,0.0
2025-01-01 01:00:00+00:00,17.05652884462714,60.32503815736715,1012.7230075342014,,15.32275304685513,54.82,23.82,target,opensensemap_1,1,1,1,0,1,0.37014804112059163,0.08646700184619073,-0.4429059970750188,-237581.3202066457,0.0
2025-01-01 02:00:00+00:00,18.667693386218016,54.80021554213426,1013.0657383301182,,18.477487144675287,54.82,23.82,target,opensensemap_1,1,1,1,0,1,0.6936188850984832,-0.5504846139666896,-0.27975250538360324,0.4874845055524454,0.0
2025-01-01 03:00:00+00:00,20.657665834725908,52.42384728380001,1013.3179173019864,,21.119688448280435,54.82,23.82,target,opensensemap_1,1,1,1,0,1,1.0931423669000424,-0.8244538809145727,-0.1597052838276692,1.645630039993155,0.0
2025-01-01 04:00:00+00:00,20.79041756894242,49.22170710706624,1012.805763264086,,18.85965620943801,54.82,23.82,target,opensensemap_1,1,1,1,0,1,1.1197947133228003,-1.1936256175792692,-0.4035109778675472,0.14674945639466494,0.0
2025-01-01 05:00:00+00:00,20.94858316208042,48.39507123314715,1013.7631914025142,,17.620400485582365,54.82,23.82,target,opensensemap_1,1,1,1,0,1,1.1515493582270977,-1.2889276919173538,0.05226289973323979,-0.5051412394621833,0.0
2025-01-01 06:00:00+00:00,20.82123839813185,47.421102800568086,1013.972424848325,,20.27903878217445,54.82,23.82,target,opensensemap_1,1,1,1,0,1,1.1259825602947549,-1.4012155987130404,0.15186634263760473,0.9620322227669182,0.0
2025-01-01 07:00:00+00:00,21.131801543510505,49.11363702486948,1013.3220617019272,,18.75156671272645,54.82,23.82,target,opensensemap_1,1,1,1,0,1,1.188333810059021,-1.2060849159622549,-0.1577323846036904,0.036142370010996294,0.0
2025-01-01 08:00:00+00:00,21.103862798863315,52.386238229143785,1014.0781535195453,,18.44734506608351,54.82,23.82,target,opensensemap_1,1,1,1,0,1,1.1827245944404934,-0.8287897935403333,0.2021973957177387,-0.14459761807555915,0.0
2025-01-01 09:00:00+00:00,19.95934408134674,51.708108769755874,1013.378008371613,,23.171873996491275,54.82,23.82,target,opensensemap_1,1,1,1,0,1,0.9529414618387637,-0.9069707026787596,-0.13109954443731878,2.51194762154995,0.0
2025-01-01 10:00:00+00:00,18.059355658532667,52.365744305032806,1014.6656230848369,,21.367412719717898,54.82,23.82,target,opensensemap_1,1,1,1,0,1,0.5714839242560162,-0.8311525188232852,0.48185627662859737,1.0862399226871469,0.0
2025-01-01 11:00:00+00:00,17.56449995095163,55.242134575886325,1014.4571793105832,,22.69911213339974,54.82,23.82,target,opensensemap_1,1,1,1,0,1,0.47213256116031493,-0.49953618318254955,0.38262874879629266,1.56356146523938,0.0
2025-01-01 12:00:00+00:00,16.026737612513738,57.12479488367915,1014.0527312690836,,27.67626942115244,54.82,23.82,target,opensensemap_1,1,1,1,0,1,0.16339855627663954,-0.2824860426460709,0.19009539327472505,3.182348406111654,0.0
2025-01-01 13:00:00+00:00,12.882870307204383,61.87923491989251,1014.1697737206578,,21.16253271588963,54.82,23.82,target,opensensemap_1,1,1,1,0,1,-0.4677904901250237,0.26564888841974615,0.24581225583263325,0.37488016792337076,0.0
2025-01-01 14:00:00+00:00,11.632542758960993,65.89323889320883,1014.6869511816496,,20.437934192431307,54.82,23.82,target,opensensemap_1,1,1,1,0,1,-0.7188166869154188,0.7284196404858514,0.4920092990811971,0.10401902584112797,0.0
2025-01-01 15:00:00+00:00,11.13382048707612,66.53865236570125,1014.5283998053492,,22.19573040012325,54.82,23.82,target,opensensemap_1,1,1,1,0,1,-0.818944333740293,0.8028287541898794,0.4165325372491936,0.727030222712278,0.0
2025-01-01 16:00:00+00:00,8.89835245681357,69.06705666590241,1014.5570994673648,,24.89388044091632,54.82,23.82,target,opensensemap_1,1,1,1,0,1,-1.2677555580244495,1.0943261137613916,0.43019471795776193,1.5816200360100874,0.0
2025-01-01 17:00:00+00:00,7.389643260113383,71.68905323255541,1014.2451914608682,,27.255561161762124,54.82,23.82,target,opensensemap_1,1,1,1,0,1,-1.5706566116262988,1.396613637922029,0.2817141000713499,2.1112759325134918,0.0
2025-01-01 18:00:00+00:00,9.574492012609817,71.58562059354391,1014.3402402240506,,27.82905515737766,54.82,23.82,target,opensensemap_1,1,1,1,0,1,-1.1320081361352539,1.3846889860129308,0.32696109210973845,1.9808422737498814,0.0
2025-01-01 19:00:00+00:00,8.038713351590022,73.56231465855656,1013.5557962124162,,19.0213914909722,54.82,23.82,target,opensensemap_1,1,1,1,0,1,-1.4403438813799858,1.6125801901949615,-0.04646546033132948,-0.68738240015723,0.0
2025-01-01 20:00:00+00:00,8.825108117800447,68.47506806787712,1015.245512740874,,21.337328391993783,54.82,23.82,target,opensensemap_1,1,1,1,0,1,-1.2824607029960384,1.0260763037104097,0.7579068192275777,0.08146951841083858,0.0
2025-01-01 21:00:00+00:00,10.76370773217318,66.29293802413176,1015.6170905480468,,25.35507888130533,54.82,23.82,target,opensensemap_1,1,1,1,0,1,-0.893251260255212,0.7745005782843638,0.934792635727154,1.2308230599006618,0.0
2025-01-01 22:00:00+00:00,11.852324447888416,64.98139522525284,1015.037914430256,,20.405858508061577,54.82,23.82,target,opensensemap_1,1,1,1,0,1,-0.6746914802260746,0.6232940395168817,0.6590817657159249,-0.27021957212937675,0.0
2025-01-01 23:00:00+00:00,13.757586685313344,64.32023182475552,1015.1930520210308,,24.194700728238743,54.82,23.82,target,opensensemap_1,1,1,1,0,1,-0.29217512759426195,0.5470691313900619,0.7329334298472238,0.8826278660659,0.0
2025-01-02 00:00:00+00:00,14.911645889064925,63.6751483612471,1015.3221936171844,,21.4749646732594,54.82,23.82,target,opensensemap_1,1,1,1,0,1,-0.06047656732842204,0.4726980641121784,0.7944099664937609,0.042455121261725105,0.0
2025-01-02 01:00:00+00:00,17.364911514254,58.67171064247071,1015.753693755751,,21.35174978703224,54.82,23.82,target,opensensemap_1,1,1,1,0,1,0.4320615203694949,-0.10414357616180449,0.9998211962729643,0.0019154438089399074,0.0
2025-01-02 02:00:00+00:00,18.76897048030562,54.61871698680454,1015.39574013276,,17.98526079861011,54.82,23.82,target,opensensemap_1,1,1,1,0,1,0.7139521200068171,-0.5714094121251357,0.8294210333743887,-1.1997399097483799,0.0
2025-01-02 03:00:00+00:00,19.363139156112187,50.72342410810621,1015.7677694662996,,21.960830929554515,54.82,23.82,target,opensensemap_1,1,1,1,0,1,0.833242383705521,-1.020494073469819,1.0065217943849494,0.24248656630653923,0.0
2025-01-02 04:00:00+00:00,20.95706321117931,49.140114864853096,1016.0768453467708,,18.76095306740515,54.82,23.82,target,opensensemap_1,1,1,1,0,1,1.1532518836788328,-1.2030323106325747,1.1536542076295841,-0.8780247331959451,0.0
2025-01-02 05:00:00+00:00,22.44287930605986,47.53622765476825,1015.6077044717003,,19.054598661773067,54.82,23.82,target,opensensemap_1,1,1,1,0,1,1.45155672703914,-1.387942962284708,0.9303244900353993,-0.7413492645579466,0.0
2025-01-02 06:00:00+00:00,22.060486860492933,45.19490316720591,1015.6217978830869,,18.31164644373347,54.82,23.82,target,opensensemap_1,1,1,1,0,1,1.3747844273110383,-1.6578720657790527,0.9370335144503268,-1.0064571861312923,0.0
2025-01-02 07:00:00+00:00,20.690092876365075,48.746988175399295,1016.6248708005988,,21.00590295657077,54.82,23.82,target,opensensemap_1,1,1,1,0,1,1.0996526904926722,-1.2483555178205057,1.414536122511653,0.009088938715225913,0.0
2025-01-02 08:00:00+00:00,20.4606304780046,51.6568040128511,1015.7906987750332,,19.52185632595133,54.82,23.82,target,opensensemap_1,1,1,1,0,1,1.0535839037593417,-0.9128855799671786,1.017437057403427,-0.5251874180352564,0.0
2025-01-02 09:00:00+00:00,20.73176666670179,53.28511304296157,1016.6452160817164,,21.18035867296189,54.82,23.82,target,opensensemap_1,1,1,1,0,1,1.1080194685491611,-0.7251593595973235,1.4242212855997671,0.08623155593565263,0.0
2025-01-02 10:00:00+00:00,18.856778763615328,54.72697407488178,1015.6326977167276,,19.01892311205116,54.82,23.82,target,opensensemap_1,1,1,1,0,1,0.7315812440206783,-0.5589285540096418,0.94222226882705,-0.7201095840792744,0.0
2025-01-02 11:00:00+00:00,16.744837275694515,57.94314518394975,1017.0378651131632,,17.17980654791096,54.82,23.82,target,opensensemap_1,1,1,1,0,1,0.30757023962312535,-0.18813920432023212,1.6111378430058385,-1.466635249557939,0.0
2025-01-02 12:00:00+00:00,15.231230259525802,59.62124819189676,1015.4887143626124,,18.75148732250996,54.82,23.82,target,opensensemap_1,1,1,1,0,1,0.003685858895934093,0.005327717036707175,0.8736804650288091,-0.7587527189361702,0.0
2025-01-02 13:00:00+00:00,12.562962410147213,62.27837421925146,1015.2439643023728,,17.02107985601098,54.82,23.82,target,opensensemap_1,1,1,1,0,1,-0.5320178702497735,0.3116652837624928,0.7571697009086079,-1.4612895662487837,0.0
2025-01-02 14:00:00+00:00,11.354676295748948,65.02363055772926,1017.2169590626916,,17.05496816331989,54.82,23.82,target,opensensemap_1,1,1,1,0,1,-0.7746034778037051,0.6281633113720683,1.6963936868181797,-1.388531067808993,0.0
2025-01-02 15:00:00+00:00,9.77415540553556,66.80332142911789,1015.1664033253678,,16.09363117902718,54.82,23.82,target,opensensemap_1,1,1,1,0,1,-1.0919220465063155,0.8333422021934584,0.7202475907039803,-1.75613587878282,0.0
2025-01-02 16:00:00+00:00,8.32448608366457,69.14612582261586,1015.4484504466384,,19.48537861451328,54.82,23.82,target,opensensemap_1,1,1,1,0,1,-1.3829697619503545,1.1034419226546455,0.8545132394436011,-0.3208303222440163,0.0
2025-01-02 17:00:00+00:00,7.398567464196226,71.23342147544618,1015.1138289925044,,19.19463171459836,54.82,23.82,target,opensensemap_1,1,1,1,0,1,-1.5688649139120119,1.3440842801275883,0.6952201170068268,-0.4242996064459062,0.0
2025-01-02 18:00:00+00:00,7.2780943973055345,71.68072628439805,1014.6600776259634,,16.29345821776466,54.82,23.82,target,opensensemap_1,1,1,1,0,1,-1.5930520925755012,1.3956536318814736,0.4792164176225804,-1.5995760192311823,0.0
2025-01-02 19:00:00+00:00,8.833958782407473,75.9813599702546,1015.52562034105,,17.727025111562945,54.82,23.82,target,opensensemap_1,1,1,1,0,1,-1.280683769680852,1.8914696545847043,0.8912491787776367,-0.9395541146512574,0.0
2025-01-02 20:00:00+00:00,8.97856268118436,70.31331486037836,1016.5971278293372,,13.972035430481686,54.82,23.82,target,opensensemap_1,1,1,1,0,1,-1.2516518837546218,1.2380060517385554,1.4013293646563303,-2.597778471939075,0.0
2025-01-02 21:00:00+00:00,10.215730977801844,69.7288504582497,1016.1524086231512,,14.925419495612251,54.82,23.82,target,opensensemap_1,1,1,1,0,1,-1.0032676481790301,1.170623699173148,1.1896253328742041,-1.9588422552604794,0.0
2025-01-02 22:00:00+00:00,10.138411303197833,65.92095588210573,1016.2433365311708,,17.39606578689165,54.82,23.82,target,opensensemap_1,1,1,1,0,1,-1.0187909915462816,0.7316151061311503,1.232910633939459,-0.8706617036068599,0.0
2025-01-02 23:00:00+00:00,12.884732662597704,62.15380351309044,1016.0546729139812,,14.420485499265624,54.82,23.82,target,opensensemap_1,1,1,1,0,1,-0.4674165881086167,0.2973036439238768,1.1430992476667923,-2.0698493201695927,0.0
2025-01-03 00:00:00+00:00,14.050953358009192,59.538414967321046,1015.0684801645128,,14.702654762599703,54.82,23.82,target,opensensemap_1,1,1,1,0,1,-0.23327638524842345,-0.00422204770886538,0.6736322710382484,-1.8415219450906786,0.0
2025-01-03 01:00:00+00:00,16.38058655708481,56.29256778252368,1015.518931027131,,11.131957473350033,54.82,23.82,target,opensensemap_1,1,1,1,0,1,0.23444022445292204,-0.3784327243264382,0.8880647992707397,-3.444014159116678,0.0
2025-01-03 02:00:00+00:00,18.52464738381664,52.101801940847366,1015.895680810853,,13.878779964028285,54.82,23.82,target,opensensemap_1,1,1,1,0,1,0.6648997754545058,-0.8615821863543034,1.067412682333962,-1.8572031140020828,0.0
2025-01-03 03:00:00+00:00,20.572137269418587,53.30867276154248,1015.5334796943818,,11.748620396504776,54.82,23.82,target,opensensemap_1,1,1,1,0,1,1.0759709381042848,-0.7224431817463217,0.8949905435858135,-2.6735873645511976,0.0
2025-01-03 04:00:00+00:00,19.41474862314181,49.74395482213298,1016.3842583830568,,11.184026192504987,54.82,23.82,target,opensensemap_1,1,1,1,0,1,0.8436039311616473,-1.1334161684923103,1.299995040898925,-2.7307182745045355,0.0
2025-01-03 05:00:00+00:00,22.02988865821948,47.95286560793998,1016.2562252879002,,12.766492532693288,54.82,23.82,target,opensensemap_1,1,1,1,0,1,1.3686412767773088,-1.3399091635614675,1.2390461948199176,-1.900313155180796,0.0
2025-01-03 06:00:00+00:00,22.52915775784284,46.05913028937007,1015.036212936878,,14.266836427921756,54.82,23.82,target,opensensemap_1,1,1,1,0,1,1.4688787093040852,-1.558236131699643,0.6582717871875112,-1.299284848260156,0.0
2025-01-03 07:00:00+00:00,22.028133889139845,47.61770833216414,1016.2777915562508,,14.012755524608814,54.82,23.82,target,opensensemap_1,1,1,1,0,1,1.3682889746874083,-1.3785491314345106,1.2493125963982965,-1.3525155937890831,0.0
2025-01-03 08:00:00+00:00,21.273706108051787,50.45624030835787,1015.2502411489902,,10.514498873262031,54.82,23.82,target,opensensemap_1,1,1,1,0,1,1.2168237551090528,-1.0512974430657052,0.7601577295732194,-2.6439499595377285,0.0
2025-01-03 09:00:00+00:00,19.84623151568181,49.0835208265861,1016.1511763422078,,8.989469568798432,54.82,23.82,target,opensensemap_1,1,1,1,0,1,0.9302320388495942,-1.2095569842067357,1.1890387181285715,-3.1490060108853353,0.0
2025-01-03 10:00:00+00:00,19.547544903491183,54.581977108080736,1016.4745648866178,,13.231260378095804,54.82,23.82,target,opensensemap_1,1,1,1,0,1,0.8702652210379259,-0.5756451182731261,1.3429845287242368,-1.3159832232597362,0.0
2025-01-03 11:00:00+00:00,16.295202442558,55.8788671028916,1015.4757200319366,,15.21942578938161,54.82,23.82,target,opensensemap_1,1,1,1,0,1,0.21729779680178907,-0.42612788753910114,0.867494646750399,-0.7097711610681026,0.0
2025-01-03 12:00:00+00:00,15.49820324168237,60.87823314478835,1015.2150914262744,,16.191840331821272,54.82,23.82,target,opensensemap_1,1,1,1,0,1,0.05728558358464242,0.15024433292755465,0.7434250634066775,-0.443221288086055,0.0
2025-01-03 13:00:00+00:00,13.83931424540468,63.61658829526921,1015.4951432322674,,13.690455163532206,54.82,23.82,target,opensensemap_1,1,1,1,0,1,-0.2757668203378878,0.4659467290477936,0.8767408627063394,-1.139362057585585,0.0
2025-01-03 14:00:00+00:00,12.41182283392294,66.27129094981939,1014.8744846619312,,16.4060338802479,54.82,23.82,target,opensensemap_1,1,1,1,0,1,-0.5623619133426365,0.772004907396602,0.5812826952320722,-0.3645140489225568,0.0
2025-01-03 15:00:00+00:00,9.872494798437849,69.31758979740583,1015.1941746023114,,13.996589721954129,54.82,23.82,target,opensensemap_1,1,1,1,0,1,-1.0721786090129806,1.1232098434373052,0.7334678231898024,-1.0281395872313446,0.0
2025-01-03 16:00:00+00:00,8.193302826745331,68.61817687331697,1014.9405623777404,,11.441644898449969,54.82,23.82,target,opensensemap_1,1,1,1,0,1,-1.409307207776673,1.042575183622072,0.612738316336771,-1.847504498248573,0.0
2025-01-03 17:00:00+00:00,8.237886664166695,72.37285500192768,1014.5883160599628,,13.815197325254468,54.82,23.82,target,opensensemap_1,1,1,1,0,1,-1.4003561843733021,1.4754485023566788,0.4450550577397784,-1.0194374071453094,0.0
2025-01-03 18:00:00+00:00,8.106535610697138,72.72567823300702,1015.2280416980852,,18.794800134693546,54.82,23.82,target,opensensemap_1,1,1,1,0,1,-1.4267273184358908,1.516125161642116,0.7495899079128137,0.26964380679460753,0.0
2025-01-03 19:00:00+00:00,7.994858927722079,71.78226890752907,1014.4559256149068,,15.441216870732037,54.82,23.82,target,opensensemap_1,1,1,1,0,1,-1.4491484616289534,1.4073603856329617,0.38203193978596395,-0.5540259308292209,0.0
2025-01-03 20:00:00+00:00,9.536614344648152,68.9059474465646,1014.3392544368604,,15.791693256903692,54.82,23.82,target,opensensemap_1,1,1,1,0,1,-1.1396127729722687,1.0757519830197753,0.326491818195459,-0.4548699654008426,0.0
2025-01-03 21:00:00+00:00,10.19066422635015,68.67996263047881,1014.3067471939506,,19.50340444333312,54.82,23.82,target,opensensemap_1,1,1,1,0,1,-1.0083002584671497,1.0496984055966474,0.3110170775267469,0.4426627687958352,0.0
2025-01-03 22:00:00+00:00,11.804555775346966,66.72840432560207,1014.4152805815128,,16.347366544729624,54.82,23.82,target,opensensemap_1,1,1,1,0,1,-0.6842819177163566,0.8247050796178211,0.36268328714907655,-0.31335381695052655,0.0
2025-01-03 23:00:00+00:00,12.752823305865968,64.42691243995813,1014.3081801020568,,18.16070711114507,54.82,23.82,target,opensensemap_1,1,1,1,0,1,-0.4938998117950466,0.5593682394269174,0.31169919878219615,0.13937509337599294,0.0
2025-01-01 00:00:00+00:00,15.307805729090177,61.15315560782748,1013.666966199854,,16.907722602653237,54.84,23.84,target,opensensemap_2,1,1,1,0,1,0.019059789446524377,0.18193988575367026,0.006455875708060081,0.0,0.0
2025-01-01 01:00:00+00:00,16.556751887102568,54.90102678385968,1012.758555539161,,20.52605229060821,54.84,23.84,target,opensensemap_2,1,1,1,0,1,0.2698086468017783,-0.5388621804912574,-0.4259837327179482,184031.88589961772,0.0
2025-01-01 02:00:00+00:00,19.14779774745328,53.77760841910659,1013.9380274223752,,19.1552550031156,54.84,23.84,target,opensensemap_2,1,1,1,0,1,0.7900086447520149,-0.6683800297504192,0.13549179965585567,0.2849186203779955,0.0
2025-01-01 03:00:00+00:00,19.9293990081026,49.97312581452699,1012.7380830161234,,18.20065095245809,54.84,23.84,target,opensensemap_2,1,1,1,0,1,0.9469294389415263,-1.1069952597919406,-0.43572946802131546,-0.40770499802777455,0.0
2025-01-01 04:00:00+00:00,20.897352525471064,49.25122791217848,1013.8779764175728,,25.027174350360205,54.84,23.84,target,opensensemap_2,1,1,1,0,1,1.1412638679287632,-1.1902221916548794,0.10690513271545528,4.174337246561199,0.0
2025-01-01 05:00:00+00:00,22.090019886161063,48.3164660528383,1014.6261140506832,,20.83093797113172,54.84,23.84,target,opensensemap_2,1,1,1,0,1,1.3807137240969878,-1.2979900094062335,0.4630484048169042,0.3837620844751034,0.0
2025-01-01 06:00:00+00:00,22.467671819419422,46.21447772951878,1013.9513800315104,,20.521714018705683,54.84,23.84,target,opensensemap_2,1,1,1,0,1,1.45653427899844,-1.5403262710749241,0.14184817273223044,0.2249862330604384,0.0
2025-01-01 07:00:00+00:00,21.18415024432793,46.52253632224433,1014.240868694612,,18.292542608464743,54.84,23.84,target,opensensemap_2,1,1,1,0,1,1.1988437722617884,-1.5048104849462305,0.2796562913863085,-0.7915626863842555,0.0
2025-01-01 08:00:00+00:00,20.31051829964133,48.90416633989168,1014.196548990118,,23.032179389221163,54.84,23.84,target,opensensemap_2,1,1,1,0,1,1.023446129638158,-1.230234594703826,0.2585583491381172,1.3533950554981993,0.0
2025-01-01 09:00:00+00:00,20.282069505826385,51.27297670404226,1014.3705909999696,,18.924324523559456,54.84,23.84,target,opensensemap_2,1,1,1,0,1,1.0177345122906294,-0.9571366702854139,0.3414092687128613,-0.5417213530408127,0.0
2025-01-01 10:00:00+00:00,17.236645019343545,51.58425606888445,1013.3236392436798,,25.67017241927532,54.84,23.84,target,opensensemap_2,1,1,1,0,1,0.40630966803428703,-0.9212495643611843,-0.1569814119793878,2.2488476376643494,0.0
2025-01-01 11:00:00+00:00,16.42254756600248,59.08535238193202,1014.6526370026752,,23.798432117740663,54.84,23.84,target,opensensemap_2,1,1,1,0,1,0.24286466690953135,-0.056455208106131305,0.47567438497103764,1.1778377384064929,0.0
2025-01-01 12:00:00+00:00,14.943125010881472,60.69403408435424,1014.683963986057,,22.26128942979863,54.84,23.84,target,opensensemap_2,1,1,1,0,1,-0.054156556032972966,0.12900819606929084,0.4905872751571621,0.5486330125809394,0.0
2025-01-01 13:00:00+00:00,12.211778533602102,63.91681989498492,1014.067846650828,,20.992442850231768,54.84,23.84,target,opensensemap_2,1,1,1,0,1,-0.6025244771201728,0.5005601484958214,0.19729091623102227,0.05295289651319621,0.0
2025-01-01 14:00:00+00:00,12.188391600579855,67.271688986537,1014.4544491302404,,20.36880629151511,54.84,23.84,target,opensensemap_2,1,1,1,0,1,-0.6072198330366397,0.8873398584566471,0.3813290743544623,-0.19811230418671522,0.0
2025-01-01 15:00:00+00:00,9.92828288014467,68.56325218100643,1014.805951630405,,22.326369228014823,54.84,23.84,target,opensensemap_2,1,1,1,0,1,-1.060978127989612,1.0362429673770177,0.5486582461807912,0.5935852413189716,0.0
2025-01-01 16:00:00+00:00,9.552455824862646,69.44126496854554,1014.1119550653312,,23.989633593178787,54.84,23.84,target,opensensemap_2,1,1,1,0,1,-1.1364323051537666,1.1374682378835226,0.2182882760391309,1.198471601477271,0.0
2025-01-01 17:00:00+00:00,9.182584170616288,72.21719473971355,1015.1448673155902,,23.857039492451367,54.84,23.84,target,opensensemap_2,1,1,1,0,1,-1.2106908262880713,1.4575025767695338,0.709995593409957,1.0683158662557133,0.0
2025-01-01 18:00:00+00:00,7.836176555383941,73.24382316857756,1014.5657377270136,,20.628782812538464,54.84,23.84,target,opensensemap_2,1,1,1,0,1,-1.4810068594397374,1.5758616051302676,0.434306873155465,-0.24991434249699246,0.0
2025-01-01 19:00:00+00:00,7.514767751429804,69.67516390433356,1014.6386323956648,,27.224556532479536,54.84,23.84,target,opensensemap_2,1,1,1,0,1,-1.5455355741632582,1.164434226741938,0.46900763497151626,2.2234075124184027,0.0
2025-01-01 20:00:00+00:00,9.697268412777971,70.20917001852371,1015.2304718624292,,25.299311297525943,54.84,23.84,target,opensensemap_2,1,1,1,0,1,-1.107358521053888,1.2259992906318733,0.7507467628054287,1.3391083444447054,0.0
2025-01-01 21:00:00+00:00,10.318332369879418,66.6472361277098,1016.9279588471012,,24.627526497761025,54.84,23.84,target,opensensemap_2,1,1,1,0,1,-0.9826685361504915,0.8153472742364225,1.5588180886084564,1.0377301273532458,0.0
2025-01-01 22:00:00+00:00,11.944855792970335,64.39411039986426,1015.280448469592,,22.41729431174311,54.84,23.84,target,opensensemap_2,1,1,1,0,1,-0.6561141149009267,0.5555865230000149,0.774537615739099,0.23527002880189563,0.0
2025-01-01 23:00:00+00:00,12.500453217859274,63.08156534039739,1015.3100344920738,,19.4684696732086,54.84,23.84,target,opensensemap_2,1,1,1,0,1,-0.5445677375437686,0.40426443454968825,0.7886217392864272,-0.9202481074621682,0.0
2025-01-02 00:00:00+00:00,14.862532910485324,60.29248229391506,1015.1607994272846,,25.36932510020671,54.84,23.84,target,opensensemap_2,1,1,1,0,1,-0.07033689892169614,0.08271366689335047,0.7175799123095861,1.2877548477521228,0.0
2025-01-02 01:00:00+00:00,16.053283023102463,56.93245825063561,1015.7866283016168,,22.256494491794708,54.84,23.84,target,opensensemap_2,1,1,1,0,1,0.16872803451751234,-0.3046603526156457,1.0154993501456215,0.15675834247274995,0.0
2025-01-02 02:00:00+00:00,18.069398694241745,53.93089637223216,1016.2442275944718,,24.57005462692505,54.84,23.84,target,opensensemap_2,1,1,1,0,1,0.5735002479480135,-0.650707605452347,1.2333348155146289,0.973304995771191,0.0
2025-01-02 03:00:00+00:00,19.5861028389987,53.40748745081482,1015.206929818308,,21.43333470520255,54.84,23.84,target,opensensemap_2,1,1,1,0,1,0.8780064340665753,-0.7110509289300003,0.7395398133696381,-0.19417880833914763,0.0
2025-01-02 04:00:00+00:00,20.73520334318569,46.38335791332545,1015.2898040426992,,21.72021671434824,54.84,23.84,target,opensensemap_2,1,1,1,0,1,1.108709444410738,-1.5208562331305655,0.7789912406756362,-0.0786040010558957,0.0
2025-01-02 05:00:00+00:00,22.289953624830417,47.00395080077016,1016.1503277694808,,17.84538096328366,54.84,23.84,target,opensensemap_2,1,1,1,0,1,1.4208540905943619,-1.449308661389526,1.1886347637567516,-1.7535340716680257,0.0
2025-01-02 06:00:00+00:00,21.37098577163968,46.82548502148861,1015.8292910102682,,23.25580930143917,54.84,23.84,target,opensensemap_2,1,1,1,0,1,1.2363544324982105,-1.4698838136427896,1.0358084964622518,0.5497459390623607,0.0
2025-01-02 07:00:00+00:00,22.330719788346308,51.16369310235727,1016.3330170104256,,23.103916635052173,54.84,23.84,target,opensensemap_2,1,1,1,0,1,1.4290386459130913,-0.9697358741916499,1.275602109293565,0.4830054720252606,0.0
2025-01-02 08:00:00+00:00,20.71426918769681,48.08721663651637,1016.2847364460468,,22.13084269985737,54.84,23.84,target,opensensemap_2,1,1,1,0,1,1.1045065285885796,-1.3244199595276749,1.2526186401887476,0.10722062553563229,0.0
2025-01-02 09:00:00+00:00,19.90743976162229,53.45567501504319,1016.20211783832,,20.991334684442503,54.84,23.84,target,opensensemap_2,1,1,1,0,1,0.942520717294083,-0.7054954298606326,1.2132888965826332,-0.3505772456133897,0.0
2025-01-02 10:00:00+00:00,19.0708226305876,54.05229321408381,1015.5567926973308,,17.988735711015856,54.84,23.84,target,opensensemap_2,1,1,1,0,1,0.7745544776728087,-0.6367118774521768,0.9060884603130764,-1.68778334548013,0.0
2025-01-02 11:00:00+00:00,16.498265996007675,58.32470367731509,1015.8028902615908,,16.089534275553852,54.84,23.84,target,opensensemap_2,1,1,1,0,1,0.258066531043332,-0.1441496836058306,1.0232406899467692,-2.540284400599197,0.0
2025-01-02 12:00:00+00:00,15.219130164036336,62.100809065484775,1017.02554795792,,14.283802082945591,54.84,23.84,target,opensensemap_2,1,1,1,0,1,0.0012565427093168466,0.29119396377985374,1.6052743871694437,-3.2374691767191206,0.0
2025-01-02 13:00:00+00:00,12.932349294985642,62.645870498491,1015.7588192509448,,15.70248999883349,54.84,23.84,target,opensensemap_2,1,1,1,0,1,-0.4578566754688422,0.3540335850037768,1.0022611358625413,-2.156797250961414,0.0
2025-01-02 14:00:00+00:00,11.179109452504848,65.67398646043605,1016.0178894130546,,14.25795332156128,54.84,23.84,target,opensensemap_2,1,1,1,0,1,-0.8098517429514893,0.7031422332184258,1.1255888380849524,-2.654347645069487,0.0
2025-01-02 15:00:00+00:00,9.865217779909536,67.54991842043111,1015.9451569347228,,16.893541377226107,54.84,23.84,target,opensensemap_2,1,1,1,0,1,-1.0736396040040148,0.9194166688499681,1.090965285312409,-1.35116333469201,0.0
2025-01-02 16:00:00+00:00,8.347008056836057,70.2781471715185,1015.5738514332496,,16.419056934786518,54.84,23.84,target,opensensemap_2,1,1,1,0,1,-1.3784480625945368,1.2339516018849201,0.9142090971573632,-1.4818190230450854,0.0
2025-01-02 17:00:00+00:00,8.82373199886484,71.08208314870207,1015.639377665491,,17.365481162221997,54.84,23.84,target,opensensemap_2,1,1,1,0,1,-1.2827369841219098,1.326636626425857,0.9454021901473532,-1.082067016217597,0.0
2025-01-02 18:00:00+00:00,7.499326093485486,72.44906796025346,1015.7785125484752,,17.927137848070046,54.84,23.84,target,opensensemap_2,1,1,1,0,1,-1.5486357703249327,1.4842350228175607,1.011635928829134,-0.8590479005114418,0.0
2025-01-02 19:00:00+00:00,7.7074211922011,67.99069970763736,1015.9495310285088,,14.561844888183844,54.84,23.84,target,opensensemap_2,1,1,1,0,1,-1.5068568610505657,0.9702339299022973,1.093047527943256,-2.116257034074714,0.0
2025-01-02 20:00:00+00:00,8.818569083001254,71.6569379451017,1016.4562056395752,,11.689319093092612,54.84,23.84,target,opensensemap_2,1,1,1,0,1,-1.2837735342126486,1.392911096562686,1.3342447968544338,-3.2732736336217805,0.0
2025-01-02 21:00:00+00:00,9.861782862431754,68.8819840835814,1015.5970708750472,,16.05820522570499,54.84,23.84,target,opensensemap_2,1,1,1,0,1,-1.0743292267128384,1.0729892693843412,0.9252624750549138,-1.2218782446641419,0.0
2025-01-02 22:00:00+00:00,11.381565694086078,65.8010205799177,1015.8129412946922,,12.709932309596915,54.84,23.84,target,opensensemap_2,1,1,1,0,1,-0.7692049377107234,0.7177878776675539,1.0280253815039118,-2.429092939191123,0.0
2025-01-02 23:00:00+00:00,13.490341844096054,62.98331091518696,1016.4124264150691,,10.192629477315508,54.84,23.84,target,opensensemap_2,1,1,1,0,1,-0.3458294329775824,0.3929367740514137,1.3134041445792488,-3.361724090670466,0.0
2025-01-03 00:00:00+00:00,14.902796851973784,59.11240314247665,1016.7738372250408,,13.31671247848366,54.84,23.84,target,opensensemap_2,1,1,1,0,1,-0.06225317388993221,-0.05333655130249658,1.485450065997467,-1.782943288755186,0.0
2025-01-03 01:00:00+00:00,17.00222096795826,55.82848525696509,1015.4893677335602,,13.62657858391486,54.84,23.84,target,opensensemap_2,1,1,1,0,1,0.35924473841794835,-0.43193636328672885,0.8739914955891672,-1.6070190277769991,0.0
2025-01-03 02:00:00+00:00,18.79684290934782,53.85642267327594,1015.8187833778104,,16.502362345358506,54.84,23.84,target,opensensemap_2,1,1,1,0,1,0.7195480215508595,-0.65929360833232,1.0308064454492551,-0.7005002291936083,0.0
2025-01-03 03:00:00+00:00,19.221577632778423,50.24388895856656,1015.435483244646,,12.838271958127136,54.84,23.84,target,opensensemap_2,1,1,1,0,1,0.8048213104721478,-1.0757792309509295,0.8483403354976028,-1.8094095533133006,0.0
2025-01-03 04:00:00+00:00,21.329658143050185,49.71072067101948,1015.4789088022262,,15.329949592693142,54.84,23.84,target,opensensemap_2,1,1,1,0,1,1.2280571527639823,-1.1372477025932506,0.869012628248276,-0.9655097102056464,0.0
2025-01-03 05:00:00+00:00,21.977306792797425,44.19804143099456,1015.5367723900716,,13.531568228644913,54.84,23.84,target,opensensemap_2,1,1,1,0,1,1.35808450250197,-1.7727993200715577,0.8965579977080615,-1.492927988413883,0.0
2025-01-03 06:00:00+00:00,21.464542787611865,47.79640277835964,1014.9439537922837,,16.24339041017492,54.84,23.84,target,opensensemap_2,1,1,1,0,1,1.2551377200739746,-1.357947616387278,0.6143527645599567,-0.6590289090489656,0.0
2025-01-03 07:00:00+00:00,21.271303706761667,47.950434514073066,1014.5846876856764,,13.310691949961118,54.84,23.84,target,opensensemap_2,1,1,1,0,1,1.2163414289698982,-1.3401894420924834,0.4433278072532436,-1.516126519632905,0.0
2025-01-03 08:00:00+00:00,20.47326360317154,48.1309233600116,1016.2062256832778,,13.676277254025065,54.84,23.84,target,opensensemap_2,1,1,1,0,1,1.0561202354339412,-1.3193810523824177,1.2152443941807012,-1.3567646633265136,0.0
2025-01-03 09:00:00+00:00,19.70636432838626,51.81257035226351,1014.956258857824,,13.773737375612573,54.84,23.84,target,opensensemap_2,1,1,1,0,1,0.9021511346642076,-0.8949274248393666,0.6202104652168953,-1.2934252073617243,0.0
2025-01-03 10:00:00+00:00,18.06379622414761,53.60546989699886,1015.8818463629016,,13.308908657033712,54.84,23.84,target,opensensemap_2,1,1,1,0,1,0.5723754492803854,-0.6882257184604699,1.0608269348149286,-1.4091045203150994,0.0
2025-01-03 11:00:00+00:00,16.109295450483557,56.33357568319608,1015.0804467053932,,9.47563965842705,54.84,23.84,target,opensensemap_2,1,1,1,0,1,0.1799735570513703,-0.37370496193233704,0.6793288204915362,-2.7770677110580286,0.0
2025-01-03 12:00:00+00:00,15.840215717636305,58.714478224367646,1016.2161466967405,,13.548570364969205,54.84,23.84,target,opensensemap_2,1,1,1,0,1,0.12595086350605236,-0.0992129417702935,1.2199671912180041,-1.1896004338496624,0.0
2025-01-03 13:00:00+00:00,12.98546159923292,65.34435660653558,1014.5554585481872,,15.212619083541083,54.84,23.84,target,opensensemap_2,1,1,1,0,1,-0.44719340586664885,0.6651395166274574,0.42941357515823325,-0.7053335018268256,0.0
2025-01-03 14:00:00+00:00,11.5287549983087,67.4560441661557,1014.873399779691,,10.083841363377129,54.84,23.84,target,opensensemap_2,1,1,1,0,1,-0.7396539842032692,0.9085939941492296,0.5807662481322711,-2.322493732176859,0.0
2025-01-03 15:00:00+00:00,10.65255876945327,70.69795667596819,1015.0998565413872,,13.96666838399034,54.84,23.84,target,opensensemap_2,1,1,1,0,1,-0.9155664539242435,1.2823510457793847,0.6885686744915476,-0.9691955121259161,0.0
2025-01-03 16:00:00+00:00,9.158098278707772,70.67587259221656,1015.4086426670074,,13.417735255359622,54.84,23.84,target,opensensemap_2,1,1,1,0,1,-1.2156068183650681,1.2798049924833823,0.835563152901448,-1.1092377703269045,0.0
2025-01-03 17:00:00+00:00,8.08927279350283,73.37102570433618,1015.5425442815834,,12.969860617192207,54.84,23.84,target,opensensemap_2,1,1,1,0,1,-1.4301931457323165,1.5905266661339554,0.8993056476567552,-1.220771529737121,0.0
2025-01-03 18:00:00+00:00,8.152283235475876,71.86288676076272,1015.2421157384856,,11.037332071090326,54.84,23.84,target,opensensemap_2,1,1,1,0,1,-1.4175426433669185,1.4166547422950124,0.7562897109678179,-1.8109784220190714,0.0
2025-01-03 19:00:00+00:00,8.296866905096126,71.25338775071765,1014.837079761221,,18.696616561649265,54.84,23.84,target,opensensemap_2,1,1,1,0,1,-1.3885148188150553,1.346386173270884,0.5634764746357896,0.23932919821102278,0.0
2025-01-03 20:00:00+00:00,8.037242218596457,68.55328701616537,1014.6115984426216,,14.427854812708128,54.84,23.84,target,opensensemap_2,1,1,1,0,1,-1.440639238321346,1.0350940928720054,0.45613839799086403,-0.7587479308867136,0.0
2025-01-03 21:00:00+00:00,10.055082281326762,69.41924962017472,1014.4730464506006,,17.194360692850946,54.84,23.84,target,opensensemap_2,1,1,1,0,1,-1.0355208216391611,1.1349301090250845,0.390182138593269,-0.07532842277208451,0.0
2025-01-03 22:00:00+00:00,12.210327518932916,68.00066134035212,1013.7331409860482,,15.924745659728371,54.84,23.84,target,opensensemap_2,1,1,1,0,1,-0.6028157949387752,0.9713823971917824,0.03795770617718797,-0.37284132699375705,0.0
2025-01-03 23:00:00+00:00,14.220061080019848,62.51368543179282,1014.2521218286628,,18.28110252297029,54.84,23.84,target,opensensemap_2,1,1,1,0,1,-0.1993249072026411,0.33879409268277527,0.28501323081144747,0.170551259344651,0.0
2025-01-01 00:00:00+00:00,14.587099986412907,59.22297393658171,1012.759072588292,,17.5797530172524,54.86,23.86,target,opensensemap_3,1,1,1,0,1,-0.12563511217621007,-0.04058894818981976,-0.42573759676484396,0.0,0.0
2025-01-01 01:00:00+00:00,18.003870704748287,57.811502250814414,1012.775466759914,,17.785668988509915,54.86,23.86,target,opensensemap_3,1,1,1,0,1,0.5603443017249831,-0.20331619457141445,-0.41793331896027647,11021.850940054368,0.0
2025-01-01 02:00:00+00:00,18.87592804895384,53.78674060051736,1012.5037170849894,,22.518638150853263,54.86,23.86,target,opensensemap_3,1,1,1,0,1,0.7354258144106803,-0.6673271891235639,-0.5472969736367442,41.773356403590604,0.0
2025-01-01 03:00:00+00:00,20.168297492711744,50.7227193484114,1013.0692574696208,,18.497094287697,54.86,23.86,target,opensensemap_3,1,1,1,0,1,0.9948926931261397,-1.0205753245538136,-0.27807725499922303,-0.313533804847324,0.0
2025-01-01 04:00:00+00:00,21.244493772378707,49.371939760253895,1013.71645220451,,21.66136303507889,54.86,23.86,target,opensensemap_3,1,1,1,0,1,1.2109588427237503,-1.1763054359444964,0.03001318233379161,1.3113324148266736,0.0
2025-01-01 05:00:00+00:00,21.03095284516527,50.62105798714537,1014.1596020685256,,21.57832408647846,54.86,23.86,target,opensensemap_3,1,1,1,0,1,1.168086583456334,-1.0322957675134845,0.24097014481896425,0.9745605718498687,0.0
2025-01-01 06:00:00+00:00,22.42210398892049,49.36792194552165,1014.405610077776,,17.5173958897554,54.86,23.86,target,opensensemap_3,1,1,1,0,1,1.4473857009300717,-1.176768646035384,0.35807974270585186,-1.2176274795234372,0.0
2025-01-01 07:00:00+00:00,21.280337884138408,45.91930389742306,1014.5512221199692,,20.38053096828726,54.86,23.86,target,opensensemap_3,1,1,1,0,1,1.2181552058407663,-1.57435658523934,0.42739686681368577,0.43033584348400394,0.0
2025-01-01 08:00:00+00:00,21.548796973877256,49.98008455563729,1013.479395263663,,20.75277196068994,54.86,23.86,target,opensensemap_3,1,1,1,0,1,1.2720532938942783,-1.1061929930581615,-0.08283535094555965,0.5825034377318448,0.0
2025-01-01 09:00:00+00:00,19.98505299869544,51.42675419228611,1014.049379655803,,23.11503221066812,54.86,23.86,target,opensensemap_3,1,1,1,0,1,0.9581029987134091,-0.9394078079428462,0.18849989203575715,1.686784654171046,0.0
2025-01-01 10:00:00+00:00,18.633610243429203,54.853317177366094,1014.451490861431,,23.86742096789208,54.86,23.86,target,opensensemap_3,1,1,1,0,1,0.6867760688132948,-0.5443625762618108,0.3799208207298614,1.7300117980044833,0.0
2025-01-01 11:00:00+00:00,17.612264073493854,54.93697423621989,1014.2170870190104,,23.63765274548148,54.86,23.86,target,opensensemap_3,1,1,1,0,1,0.48172208515476705,-0.5347178324352561,0.2683352678339845,1.3731239700413582,0.0
2025-01-01 12:00:00+00:00,14.72614519077645,58.6276568530197,1014.402985795776,,24.98336908379233,54.86,23.86,target,opensensemap_3,1,1,1,0,1,-0.09771923614647642,-0.1092224962154786,0.35683048008751356,1.7193018227011156,0.0
2025-01-01 13:00:00+00:00,14.11359792147743,59.7158529244234,1013.7875025439704,,21.42475642024976,54.86,23.86,target,opensensemap_3,1,1,1,0,1,-0.22069933970614194,0.016234607889681455,0.06383597009295856,0.19741591144230744,0.0
2025-01-01 14:00:00+00:00,11.822429074560864,65.9376022865064,1014.383975248564,,22.84073554780483,54.86,23.86,target,opensensemap_3,1,1,1,0,1,-0.6806935249531444,0.7335342544765198,0.3477807034302709,0.7472532971889911,0.0
2025-01-01 15:00:00+00:00,10.05788708668203,70.79728525985985,1014.6112325691556,,25.71546897648841,54.86,23.86,target,opensensemap_3,1,1,1,0,1,-1.0349577055004666,1.293802545024222,0.45596422766768074,1.7619603775164472,0.0
2025-01-01 16:00:00+00:00,8.238829514331458,71.48909222447548,1014.549988112031,,22.86358047747845,54.86,23.86,target,opensensemap_3,1,1,1,0,1,-1.400166889902956,1.3735603209078482,0.4268094299498286,0.5742611917476712,0.0
2025-01-01 17:00:00+00:00,8.993568748378346,69.51530433384906,1015.212217042424,,20.64025842068541,54.86,23.86,target,opensensemap_3,1,1,1,0,1,-1.2486391404284594,1.1460041668441756,0.7420567423592319,-0.3211512464525991,0.0
2025-01-01 18:00:00+00:00,9.000525318329583,71.52078115515992,1015.14337184996,,25.42573471159397,54.86,23.86,target,opensensemap_3,1,1,1,0,1,-1.2472424813689842,1.3772137079952786,0.7092836922846917,1.5185034924492906,0.0
2025-01-01 19:00:00+00:00,8.32457939630126,71.71444037426542,1014.243448158486,,27.0898173365602,54.86,23.86,target,opensensemap_3,1,1,1,0,1,-1.3829510277264037,1.3995404976710604,0.2808842187939022,1.9383747632070036,0.0
2025-01-01 20:00:00+00:00,9.03278545572003,70.18452478958197,1015.3505896626588,,26.24030215832972,54.86,23.86,target,opensensemap_3,1,1,1,0,1,-1.240765666866707,1.2231579653098195,0.8079276136517061,1.4765940081210243,0.0
2025-01-01 21:00:00+00:00,9.957022502340696,69.86411152134366,1015.1225169723988,,24.54836661914356,54.86,23.86,target,opensensemap_3,1,1,1,0,1,-1.0552081215083529,1.1862178202326592,0.6993559410191417,0.8484291208669884,0.0
2025-01-01 22:00:00+00:00,10.950400637627776,68.1988901864554,1015.4343963250066,,24.136300901768173,54.86,23.86,target,opensensemap_3,1,1,1,0,1,-0.855769233973493,0.9942360148768241,0.8478229185147345,0.6820773925023228,0.0
2025-01-01 23:00:00+00:00,13.847956763536466,63.177341528081385,1015.6510001420888,,23.18181487305062,54.86,23.86,target,opensensemap_3,1,1,1,0,1,-0.27403167624675556,0.4153063813686717,0.9509349513162659,0.3384400120597394,0.0
2025-01-02 00:00:00+00:00,14.248097126272349,61.72627556861732,1015.14123163382,,18.23988025267319,54.86,23.86,target,opensensemap_3,1,1,1,0,1,-0.19369615650152092,0.24801434832070315,0.7082648642704772,-1.6073263251554741,0.0
2025-01-02 01:00:00+00:00,16.77529545871681,58.90708173939672,1015.942323095952,,19.3203546473216,54.86,23.86,target,opensensemap_3,1,1,1,0,1,0.31368527872305874,-0.07700786322699989,1.0896162653356318,-1.0492820126470477,0.0
2025-01-02 02:00:00+00:00,18.62629676635619,55.64888558242803,1015.8518056514172,,22.575002361722625,54.86,23.86,target,opensensemap_3,1,1,1,0,1,0.6853077541004571,-0.45264224126015673,1.046526361216158,0.21442809125655507,0.0
2025-01-02 03:00:00+00:00,19.02099937542515,52.76565805348247,1015.519041315688,,24.50812866941392,54.86,23.86,target,opensensemap_3,1,1,1,0,1,0.7645515450231053,-0.7850468379714737,0.8881173010108485,0.8703923060236199,0.0
2025-01-02 04:00:00+00:00,21.22518076964721,51.56325581022305,1015.9615069647214,,19.00126256639537,54.86,23.86,target,opensensemap_3,1,1,1,0,1,1.2070814030631578,-0.9236706644794014,1.0987485499483898,-1.203671171347287,0.0
2025-01-02 05:00:00+00:00,22.50675833620645,48.59440652370921,1014.7613921554552,,21.740400302019943,54.86,23.86,target,opensensemap_3,1,1,1,0,1,1.4643816144175594,-1.2659465132887469,0.5274461636582236,-0.08129667585240517,0.0
2025-01-02 06:00:00+00:00,21.762567713943472,49.38635821148197,1016.0760147473496,,19.914359343704923,54.86,23.86,target,opensensemap_3,1,1,1,0,1,1.314971692308583,-1.1746431462300864,1.1532588092662654,-0.7915785886246596,0.0
2025-01-02 07:00:00+00:00,22.020325306856897,48.68648877261381,1016.444224026758,,21.408977166388645,54.86,23.86,target,opensensemap_3,1,1,1,0,1,1.3667212585192994,-1.2553304372059142,1.3285410725597178,-0.1803533243135642,0.0
2025-01-02 08:00:00+00:00,20.65343079142073,48.48201939750988,1014.8711671118872,,17.567444077655395,54.86,23.86,target,opensensemap_3,1,1,1,0,1,1.0922921042503588,-1.2789035196244536,0.5797034094486208,-1.811356933456806,0.0
2025-01-02 09:00:00+00:00,20.631150911525207,50.381405192705294,1015.9892606603576,,23.282779827139738,54.86,23.86,target,opensensemap_3,1,1,1,0,1,1.0878190095617095,-1.059925113337512,1.1119604130325746,0.5571030366289268,0.0
2025-01-02 10:00:00+00:00,17.963467878560277,53.30512757078523,1016.5347709529766,,18.359136466777496,54.86,23.86,target,opensensemap_3,1,1,1,0,1,0.5522326930414756,-0.7228519034625575,1.3716450111333676,-1.3804134450121925,0.0
2025-01-02 11:00:00+00:00,17.20908908917193,56.45419252843641,1015.6307986157444,,16.297709352236218,54.86,23.86,target,opensensemap_3,1,1,1,0,1,0.4007773094457551,-0.3597991590096779,0.9413182212183175,-2.270869429572411,0.0
2025-01-02 12:00:00+00:00,15.28730020947607,58.42563504370254,1015.9122516829758,,18.138815806341235,54.86,23.86,target,opensensemap_3,1,1,1,0,1,0.014942930140999441,-0.1325134010708161,1.075301076605537,-1.2881326410191987,0.0
2025-01-02 13:00:00+00:00,13.20966996736009,62.25460720099149,1015.902660230514,,19.374150885043647,54.86,23.86,target,opensensemap_3,1,1,1,0,1,-0.4021794621055789,0.30892520652598465,1.0707351637136193,-0.7486880605526688,0.0
2025-01-02 14:00:00+00:00,11.058512154395922,64.64067748191553,1015.2211519930004,,16.865332707160068,54.86,23.86,target,opensensemap_3,1,1,1,0,1,-0.8340638633114801,0.5840130105556165,0.7463101342399747,-1.7782027135769025,0.0
2025-01-02 15:00:00+00:00,9.879921404808073,68.99211895038752,1016.3765869813748,,16.152430199540984,54.86,23.86,target,opensensemap_3,1,1,1,0,1,-1.0706875815179886,1.0856866148477191,1.2963431485522061,-2.00363722040864,0.0
2025-01-02 16:00:00+00:00,9.20458916347289,71.03983597401088,1015.8263950121608,,19.854732625928115,54.86,23.86,target,opensensemap_3,1,1,1,0,1,-1.2062729202162157,1.321765989292841,1.0344298861687315,-0.4242506766470356,0.0
2025-01-02 17:00:00+00:00,8.181118758069431,68.93402345703883,1016.43262694164,,16.81995212572857,54.86,23.86,target,opensensemap_3,1,1,1,0,1,-1.4117533831212388,1.0789888399258842,1.3230203987452274,-1.60637593832494,0.0
2025-01-02 18:00:00+00:00,8.477206201293848,72.75227805330894,1016.3990153232558,,11.773274621312014,54.86,23.86,target,opensensemap_3,1,1,1,0,1,-1.3523083961700681,1.51919182996825,1.3070199314218143,-4.012042085607817,0.0
2025-01-02 19:00:00+00:00,8.551015314182171,72.07021240219076,1016.617621390554,,10.566053653953253,54.86,23.86,target,opensensemap_3,1,1,1,0,1,-1.3374898624803488,1.440557120978254,1.4110851149698203,-4.018334452933471,0.0
2025-01-02 20:00:00+00:00,8.804292513818062,71.28762344336154,1015.6909012131084,,18.00422687183943,54.86,23.86,target,opensensemap_3,1,1,1,0,1,-1.28663981742804,1.3503331741551972,0.969929448270237,-0.6450423907937997,0.0
2025-01-02 21:00:00+00:00,9.916945835421425,67.05808073499676,1015.800099070832,,13.402563928298427,54.86,23.86,target,opensensemap_3,1,1,1,0,1,-1.0632542477341678,0.8627131635480392,1.0219119721200765,-2.181952934384821,0.0
2025-01-02 22:00:00+00:00,10.354579032851358,64.31864460589136,1015.347756013774,,14.49013240035172,54.86,23.86,target,opensensemap_3,1,1,1,0,1,-0.9753913534914573,0.5468861424163729,0.8065786840682222,-1.663456658747304,0.0
2025-01-02 23:00:00+00:00,14.09277265826774,61.83983048694228,1015.74662321235,,13.704480395933478,54.86,23.86,target,opensensemap_3,1,1,1,0,1,-0.22488039340525595,0.2611059883149289,0.9964553363684062,-1.8738523236469184,0.0
2025-01-03 00:00:00+00:00,15.479558761089171,59.289496014037205,1016.7633649786618,,11.000627899100078,54.86,23.86,target,opensensemap_3,1,1,1,0,1,0.05354236200960915,-0.03291968029229809,1.4804648601655443,-2.8356208078667517,0.0
2025-01-03 01:00:00+00:00,16.878026944082947,55.1241193725074,1015.4657613989503,,13.837635130460905,54.86,23.86,target,opensensemap_3,1,1,1,0,1,0.3343105093662773,-0.5131420452559191,0.8627539413234692,-1.5785252843254556,0.0
2025-01-03 02:00:00+00:00,19.0550821321102,53.18836241453568,1015.9376929888456,,14.237602466127822,54.86,23.86,target,opensensemap_3,1,1,1,0,1,0.7713942837908794,-0.7363136487752001,1.087412150180763,-1.3987398649424856,0.0
2025-01-03 03:00:00+00:00,20.143486876676995,51.52818286752325,1015.8515496188786,,13.546334976048808,54.86,23.86,target,opensensemap_3,1,1,1,0,1,0.989911506722641,-0.927714191137136,1.046404479543567,-1.5777627350512182,0.0
2025-01-03 04:00:00+00:00,20.87401184943208,48.33904190004569,1015.9378959087984,,14.187341314205892,54.86,23.86,target,opensensemap_3,1,1,1,0,1,1.1365777989504267,-1.2953872611627975,1.0875087481498678,-1.3260970039445765,0.0
2025-01-03 05:00:00+00:00,21.658507489617968,47.44045046295424,1016.516309362245,,13.09460810158194,54.86,23.86,target,opensensemap_3,1,1,1,0,1,1.294079692939069,-1.3989850248688984,1.3628565595967028,-1.6367648268691133,0.0
2025-01-03 06:00:00+00:00,22.06789693172701,48.96872494427265,1015.4050642511478,,8.283502849830228,54.86,23.86,target,opensensemap_3,1,1,1,0,1,1.3762721350740557,-1.2227916937748973,0.8338596846133048,-3.480777509510747,0.0
2025-01-03 07:00:00+00:00,21.83351851859395,50.6678471797354,1015.5902993899532,,10.396438205178807,54.86,23.86,target,opensensemap_3,1,1,1,0,1,1.3292163681742395,-1.026901485398321,0.9220389788001887,-2.270614520078703,0.0
2025-01-03 08:00:00+00:00,20.6644058225818,47.705625283066304,1015.5479112756276,,13.517357391932306,54.86,23.86,target,opensensemap_3,1,1,1,0,1,1.094495543129947,-1.368413268650414,0.9018605503051977,-1.182740747262656,0.0
2025-01-03 09:00:00+00:00,20.10848352581733,53.657375426774514,1016.5860833363432,,11.467711229820036,54.86,23.86,target,opensensemap_3,1,1,1,0,1,0.982883941782905,-0.6822415786314245,1.3960717466733703,-1.7665148655744363,0.0
2025-01-03 10:00:00+00:00,18.903342630545875,52.38582447699646,1015.15889748395,,15.82199140205594,54.86,23.86,target,opensensemap_3,1,1,1,0,1,0.7409297946783449,-0.8288374946372079,0.7166745116285438,-0.529492029394164,0.0
2025-01-03 11:00:00+00:00,17.93530824235819,56.15929123050628,1015.2778051485,,14.396650826466963,54.86,23.86,target,opensensemap_3,1,1,1,0,1,0.546579129390301,-0.39379805296584064,0.7732792897556647,-0.8736189777237847,0.0
2025-01-03 12:00:00+00:00,15.104782850018612,60.6653000559356,1014.7784899852982,,13.12010256099288,54.86,23.86,target,opensensemap_3,1,1,1,0,1,-0.02170077866730434,0.12569547689173688,0.5355854107654794,-1.2035898420932494,0.0
2025-01-03 13:00:00+00:00,13.697107837073869,62.32823456039701,1014.7324590301098,,15.750199714883824,54.86,23.86,target,opensensemap_3,1,1,1,0,1,-0.304317366067011,0.31741363571320935,0.5136728451181882,-0.5056917142806641,0.0
2025-01-03 14:00:00+00:00,12.242244100924577,62.72767061048332,1014.764781121075,,16.042746222300167,54.86,23.86,target,opensensemap_3,1,1,1,0,1,-0.5964079554864882,0.3634642431688966,0.5290594460964615,-0.4318218569825372,0.0
2025-01-03 15:00:00+00:00,9.630568212413571,68.87142194618903,1015.2686542540748,,15.085722303849677,54.86,23.86,target,opensensemap_3,1,1,1,0,1,-1.1207498101174265,1.0717715704739803,0.7689231000133079,-0.6587044027828992,0.0
2025-01-03 16:00:00+00:00,8.856036015848558,69.99575890476555,1015.9134228793162,,12.865060877889794,54.86,23.86,target,opensensemap_3,1,1,1,0,1,-1.2762513599861642,1.201395323553203,1.0758586126503311,-1.2476977334667847,0.0
2025-01-03 17:00:00+00:00,8.744187670631625,75.78933902555,1015.4149984244636,,18.65623972557292,54.86,23.86,target,opensensemap_3,1,1,1,0,1,-1.2987069675240062,1.8693317400275413,0.8385887462641968,0.17187547315811208,0.0
2025-01-03 18:00:00+00:00,8.238015782664919,69.5285051886144,1014.9615056660108,,15.869153269619542,54.86,23.86,target,opensensemap_3,1,1,1,0,1,-1.4003302614656687,1.1475260810047703,0.6227081546166061,-0.44533463850258953,0.0
2025-01-03 19:00:00+00:00,9.079082594610794,72.36261056929456,1015.0948287439144,,15.97125900572366,54.86,23.86,target,opensensemap_3,1,1,1,0,1,-1.2314706667570534,1.474267431329935,0.6861752429032995,-0.41689347390824566,0.0
2025-01-03 20:00:00+00:00,8.954672425466097,71.40978660967892,1014.8535997805028,,14.380857408635002,54.86,23.86,target,opensensemap_3,1,1,1,0,1,-1.2564482909374686,1.3644172509840407,0.5713406609322638,-0.8144562438868617,0.0
2025-01-03 21:00:00+00:00,10.478282086926468,67.98725457227232,1015.041238503653,,15.851048703821563,54.86,23.86,target,opensensemap_3,1,1,1,0,1,-0.9505556956356755,0.9698367434783555,0.6606641568748409,-0.4315502925671918,0.0
2025-01-03 22:00:00+00:00,10.812334809791937,67.33574284979863,1013.6561159821102,,18.690367711837844,54.86,23.86,target,opensensemap_3,1,1,1,0,1,-0.8834884821953212,0.8947245682554856,0.0012907404719179492,0.21231318089983592,0.0
2025-01-03 23:00:00+00:00,12.716079693655542,60.84472756235516,1014.688633348573,,17.663216974355766,54.86,23.86,target,opensensemap_3,1,1,1,0,1,-0.5012767661319184,0.14638150576442954,0.49281007744844135,-0.011015433618112922,0.0
